Name,SemiMajorAxis,Period
Меркурий,0.38709830982,87.96843362
Венера,0.72332981996,224.6954354
Земля,1.00000101778,365.24218985
Марс,1.52367934191,686.92970957
Юпитер,5.20260319132,4330.5957654
Сатурн,9.55490959574,10746.940442
Уран,19.21844606178,30588.740354
Нептун,30.11038686942,59799.900456
Плутон,39.5181761979,90738.995